-- Dummy Data --
INSERT INTO dummy (created) VALUES (current_timestamp);

-- Populate Your Tables Here --

-- CURRENT LISTING TABLE
INSERT INTO listing (id,price,descript,img,city,stat,milage,catagory,title,username) VALUES ('16','250','Computer Desk','https://images.craigslist.org/00d0d_hFdy3moZ7kPz_0CI0t2_600x450.jpg','San Jose East','CA','68 miles','/marketplace/furniture','Computer Desk','crl@hotmail.com'),('17','599','Gaming Chair','https://images.craigslist.org/00303_47Ll9FjCH2lz_0jm0pO_600x450.jpg','Hercules','CA','81 miles','/marketplace/furniture','Gaming Chair','crl@hotmail.com'),('2','36900','2017 Mercedes-Benz C-Class AMG C 63 S','https://images.craigslist.org/00D0D_jPoWEUA5aOLz_0kE0dL_600x450.jpg','Santa Clara','CA','6K miles','/marketplace/planes','2017 Ferrari California T Convertible','crl@hotmail.com'),('12','174995','1986 Ferrari 328 GTS37K','https://images.craigslist.org/00p0p_2wC5kM5edA4z_0CI0t2_600x450.jpg','Santa Clara','CA','6K miles','/marketplace/cars','2017 Ferrari California T Convertible','crl@hotmail.com'),('6','90000','2012 Mclaren MP4-12C Coupe 2D','https://images.craigslist.org/00z0z_5zbQsRJ2DZcz_0hq0bi_600x450.jpg','Redwood City','CA','28K miles','/marketplace/cars','2012 Mclaren MP4-12C Coupe 2D','hlc@hotmail.com'),('11','90000','2012 Mclaren MP4-12C Coupe 2D','https://images.craigslist.org/00z0z_5zbQsRJ2DZcz_0hq0bi_600x450.jpg','Redwood City','CA','28K miles','/marketplace/cars','2012 Mclaren MP4-12C Coupe 2D','hlc@hotmail.com'),('7','174995','2017 Ferrari California T Convertible','https://images.craigslist.org/00z0z_5zbQsRJ2DZcz_0hq0bi_600x450.jpg','Santa Clara','CA','6K miles','/marketplace/boats','2017 Ferrari California T Convertible','hlc@hotmail.com'),('9','15950','2006 Subaru WRX Limited','https://images.craigslist.org/00j0j_8BljtGIzhkez_0x20oM_600x450.jpg','Walnut Creek','CA','134K miles','/marketplace/boats','2006 Subaru WRX Limited','hlc@hotmail.com'),('14','15950','2006 Subaru WRX Limited','https://images.craigslist.org/00j0j_8BljtGIzhkez_0x20oM_600x450.jpg','Walnut Creek','CA','134K miles','/marketplace/boats','2006 Subaru WRX Limited','hlc@hotmail.com'),('8','25000','1931 Ford Aerostar','https://images.craigslist.org/00N0N_40uNorTyd0hz_0d509V_600x450.jpg','Antioch','CA','3K miles','/marketplace/motorbikes','1931 Ford Aerostar','seo@hotmail.com');
INSERT INTO listing (id,price,descript,img,city,stat,milage,catagory,title,username) VALUES ('15','33950','2017 Lexus IS 200T F Sport','https://images.craigslist.org/00707_asM8BZ3xy9Cz_0cU08B_600x450.jpg','Walnut Creek','CA','42K miles','/marketplace/electronics','2017 Lexus IS 200T F Sport','seo@hotmail.com'),('18','500','Dining Room Table','https://images.craigslist.org/00a0a_i55PEK5WnH0z_0hw0bG_600x450.jpg','Sunnyvale','CA','46 miles','/marketplace/furniture','Italian Marble Dining Table','seo@hotmail.com'),('13','25000','1931 Ford Aerostar','https://images.craigslist.org/00N0N_40uNorTyd0hz_0d509V_600x450.jpg','Antioch','CA','3K miles','/marketplace/motorbikes','1931 Ford Aerostar','seo@hotmail.com'),('1','90000','2012 Mclaren MP4-12C Coupe 2D','https://images.craigslist.org/00n0n_8PYRyRnDy8Jz_0tt0t2_600x450.jpg','Redwood City','CA','28K miles','/marketplace/motorbikes','2012 Mclaren MP4-12C Coupe 2D','seo@hotmail.com'),('3','25000','1931 Ford Aerostar','https://images.craigslist.org/00F0F_fT0plLjH9UTz_07K0ak_600x450.jpg','Antioch','CA','3K miles','/marketplace/planes','1931 Ford Aerostar','nwong@nothing.com'),('4','15950','2006 Subaru WRX Limited','https://images.craigslist.org/00x0x_lFLD8MU1ct4z_0cU08B_600x450.jpg','Walnut Creek','CA','134K miles','/marketplace/planes','2006 Subaru WRX Limited','nwong@nothing.com'),('5','33950','2017 Lexus IS 200T F Sport','https://images.craigslist.org/00707_asM8BZ3xy9Cz_0cU08B_600x450.jpg','Walnut Creek','CA','42K miles','/marketplace/electronics','2017 Lexus IS 200T F Sport','nwong@nothing.com'),('10','33950','2017 Lexus IS 200T F Sport','https://images.craigslist.org/00707_asM8BZ3xy9Cz_0cU08B_600x450.jpg','Walnut Creek','CA','42K miles','/marketplace/electronics','2017 Lexus IS 200T F Sport','nwong@nothing.com'),('433','43241234','Katana Blade from Naruto!!!!!','https://images.craigslist.org/00a0a_dFA6mkmBz3cz_0CI0t2_600x450.jpg','San Jose','CA','68','/marketplace/furniture','Cold Steel Katana Sword','nwong@nothing.com'),('819','214321423','Coffee Table','https://images.craigslist.org/00g0g_67zpJv9qPL6z_0CI0t2_600x450.jpg','Walnut Kreek','CA','52','/marketplace/furniture','Coffee Table','hlc@hotmail.com');


-- CURRENT ACCOUNT TABLE !!!!!!!!!!!!!!
INSERT INTO account (fname,lname,email,username,passwordhash) VALUES ('Carl','Ramfelt','crl@hotmail.com','crl@hotmail.com','foobar'),('Hilde','Carsson','hlc@hotmail.com','hlc@hotmail.com','foobar1'),('Sven','Olsson','seo@hotmail.com','seo@hotmail.com','foobar2'),('Nathan','Wong','nwong@nothing.com','nwong@nothing.com','hello123'),('George','Bush','gbush@didit.com','gbush@didit.com','iDidntDoIt'),('Randalf','Conrad','rcon@rordofrings.com','rcon@rordofrings.com','iAmMagical'),('Anton','Salazar','asal@nothing.com','asal@nothing.com','thisIsNotOkay'),('George','Dingy','gdingy@dingy.com','gdingy@dingy.com','killer123'),('Carl','Hopper','chopper@hops.com','chopper@hops.com','junk345'),('Keelo','Yellow','kyellow@yell.com','kyellow@yell.com','killBill999');
INSERT INTO account (fname,lname,email,username,passwordhash) VALUES ('Brian','Long','blong@long.com','blong@long.com','bLongLong'),('Ryan','Strong','rstrong@strong.com','rstrong@strong.com','strongIAm'),('Nate','Hawk','nhawk@hawk.com','nhawk@hawk.com','nhawk'),('Ellie','Navarro-Rodriguez','iLoveEllie722@gmail.com','iLoveEllie722@gmail.com','iLoveEllie722'),('Justin','Villegas','jvill@vill.com','jvill@vill.com','iLoveFortnite101'),('Bella','Thorne','bthorne@shake.com','bthorne@shake.com','shakeItUp000'),('Daniel','Bush','dbush@didit.com','dbush@didit.com','myBrotherDidIt'),('John','Cena','jcena@cantseeme.com','jcena@cantseeme.com','uCantSeeM3'),('Kim','Possible','kpos@impossible.com','kpos@impossible.com','kimPoss123'),('Jeez','Louise','jlouise@jeez.com','jlouise@jeez.com','jeez');
INSERT INTO account (fname,lname,email,username,passwordhash) VALUES ('John','Doe','jdoe@doe.com','jdoe@doe.com','johnDoe');

-- KEYWORDS TABLE, WILL ADD MORE DATA LATER
INSERT INTO keywords (keyword) VALUES ('Ford'),('Lexus'),('Ferrari'),('Mclaren');

-- CATEGORY TABLE WITH ROUTES
INSERT INTO category (cat_path,cat_name) VALUES ('/marketplace','Marketplace'), ('/marketplace/cars','Cars'), ('/marketplace/boats','Boats'), ('/marketplace/motorbikes','Motorbikes'), ('/marketplace/planes','Planes'), ('/marketplace/furniture','Furniture'), ('/marketplace/electronics','Electronics'), ('/marketplace/boats/raceboats','Raceboats'), ('/marketplace/boats/cruiseships','Cruise Ships'), ('/marketplace/cars/sedans','Sedans');
INSERT INTO category (cat_path,cat_name) VALUES ('/marketplace/cars/coupes','Coupes');
    
-- LISTING RESPONSE TABLE
INSERT INTO listing_response (listing_id,username,msg,createtime) VALUES ('15','nwong@nothing.com','This is very cool! Is it still available?','2021-12-02T02:20:51.750Z'),('3','nwong@nothing.com','Cool Car! how much is this?','2021-12-02T08:26:31.870Z'),('16','nwong@nothing.com','hello, this is a nice table. still available?','2021-12-02T08:43:05.982Z'),('17','nwong@nothing.com','hello, this is a nice chair. still available?','2021-12-02T08:57:03.403Z'),('17','nwong@nothing.com','Hello, will i be able to purchase this chair?','2021-12-02T09:00:04.717Z'),('17','nwong@nothing.com','can i buy this?','2021-12-02T09:01:06.846Z');











